Year,Observations,ELM,EM,MLR,Model1,Model2,Model3,Model4,Model5,Model6,Model7
2020.00000,1583.85200,1656.75670,1062.97277,1567.23909,1267.91100,1040.25800, 993.84030,1000.57300,1135.93700, 703.18910,1299.10100
2020.00000,1583.85200,1656.75670,1062.97277,1567.23909,1267.91100,1040.25800, 993.84030,1000.57300,1135.93700, 703.18910,1299.10100
