Year,Observations,ELM,EM,MLR,Model2,Model3,Model4,Model5,Model6
2019.00000,   5.11383,  -2.39633,   5.01645,   3.56677,   4.39773,   6.11367,   4.81981,   4.93122,   4.81981
2020.00000,   3.26907,  -2.12362,   4.11135,   1.56762,   4.07249,   5.88610,   3.51330,   3.57157,   3.51330
